time,latitude,longitude,average_temperature,temperature_RMS,average_conductivity,conductivity_RMS
2023-06-12 13:59:14,49.335960388183594,-0.4596950113773346,25.533443450927734,25.54595947265625,0.0,0.0
2023-06-12 14:05:33,49.33607864379883,-0.4590097963809967,24.55411148071289,24.562829971313477,0.0,0.0
2023-06-12 14:11:52,49.33616638183594,-0.4585169553756714,24.42334747314453,24.444990158081055,0.0,0.0
2023-06-12 14:18:12,49.33985900878906,-0.45143869519233704,21.291074752807617,21.31560707092285,0.0,0.0
2023-06-12 14:24:30,49.342716217041016,-0.38522589206695557,17.093883514404297,17.09723472595215,0.0,0.0
2023-06-12 14:30:49,49.34249496459961,-0.31677934527397156,16.79294776916504,16.795515060424805,0.0,0.0
2023-06-12 14:37:08,49.341026306152344,-0.31106239557266235,18.55169105529785,18.555307388305664,0.0,0.0
2023-06-12 14:43:27,49.33884811401367,-0.30938926339149475,19.103294372558594,19.106426239013672,0.0,0.0
2023-06-12 14:49:46,49.336769104003906,-0.3079756498336792,19.618194580078125,19.618350982666016,0.0,0.0
2023-06-12 14:56:04,49.33609390258789,-0.30798664689064026,19.174518585205078,19.181049346923828,0.0,0.0
2023-06-12 15:02:23,49.33778381347656,-0.31075748801231384,19.0267391204834,19.026887893676758,0.0,0.0
2023-06-12 15:08:42,49.33592987060547,-0.3099382817745209,18.777647018432617,18.78085708618164,0.0,0.0
2023-06-12 15:14:57,49.3346061706543,-0.3095458447933197,18.399208068847656,18.399839401245117,0.0,0.0
2023-06-12 15:21:15,49.33388900756836,-0.3091082274913788,18.20815658569336,18.213645935058594,0.0,0.0
2023-06-12 15:27:25,49.3381233215332,-0.3110926151275635,17.14922332763672,17.14985466003418,0.0,0.0
2023-06-12 15:33:43,49.33751678466797,-0.31137701869010925,18.648212432861328,18.66436004638672,0.0,0.0
2023-06-12 15:40:02,49.33732223510742,-0.3112683594226837,19.700210571289062,19.72911262512207,0.0,0.0
2023-06-12 15:46:20,49.3427734375,-0.31211957335472107,17.261934280395508,17.363718032836914,33763.33203125,41420.91015625
2023-06-12 15:52:39,49.34194564819336,-0.311136931180954,15.90877628326416,15.908781051635742,51611.66796875,51611.67578125
2023-06-12 15:58:58,49.34087371826172,-0.3102143108844757,15.928695678710938,15.928728103637695,51711.66796875,51711.69921875
2023-06-12 16:05:17,49.33985137939453,-0.30938267707824707,15.93209171295166,15.932109832763672,51751.66796875,51751.6875
2023-06-12 16:11:36,49.33888244628906,-0.3086925745010376,15.930631637573242,15.93063735961914,51775.5546875,51775.5625
2023-06-12 16:17:55,49.337947845458984,-0.30806830525398254,15.950554847717285,15.950576782226562,51830.0,51830.01953125
2023-06-12 16:24:14,49.337459564208984,-0.30777832865715027,15.961238861083984,15.961247444152832,51851.66796875,51851.671875
2023-06-12 16:30:33,49.33735656738281,-0.30771952867507935,15.952503204345703,15.952523231506348,51855.5546875,51855.56640625
2023-06-12 16:36:52,49.3354377746582,-0.30664169788360596,15.937437057495117,15.937442779541016,51851.109375,51851.12890625
2023-06-12 16:43:11,49.334957122802734,-0.30637326836586,15.937925338745117,15.937932014465332,51855.5546875,51855.5625
2023-06-12 16:49:30,49.334957122802734,-0.30637326836586,15.955427169799805,15.955431938171387,51886.109375,51886.1171875
2023-06-12 16:55:49,49.334957122802734,-0.30637326836586,15.97435474395752,15.974382400512695,51925.0,51925.01953125
2023-06-12 17:02:08,49.334957122802734,-0.30637326836586,15.968514442443848,15.968520164489746,51923.33203125,51923.33984375
2023-06-12 17:08:26,49.334957122802734,-0.30637326836586,15.987479209899902,15.987486839294434,51960.0,51960.01171875
2023-06-12 17:14:44,49.334957122802734,-0.30637326836586,15.990873336791992,15.990889549255371,51985.5546875,51985.5703125
2023-06-12 17:21:01,49.334957122802734,-0.30637326836586,15.97970962524414,15.979711532592773,51976.66796875,51976.671875
2023-06-12 17:27:19,49.334957122802734,-0.30637326836586,15.980198860168457,15.980199813842773,51983.890625,51983.890625
2023-06-12 17:33:31,49.334957122802734,-0.30637326836586,15.986515045166016,15.9865140914917,51998.33203125,51998.33203125
2023-06-12 17:39:50,49.330230712890625,-0.3062474727630615,15.98310661315918,15.983114242553711,51996.66796875,51996.671875
2023-06-12 17:46:18,49.329166412353516,-0.3063383400440216,15.976789474487305,15.976792335510254,52002.22265625,52002.21875
2023-06-12 17:52:36,49.329166412353516,-0.3063383400440216,15.97581958770752,15.975821495056152,52017.77734375,52017.77734375
2023-06-12 17:58:55,49.329166412353516,-0.3063383400440216,15.985053062438965,15.98505973815918,52041.66796875,52041.68359375
2023-06-12 18:05:09,49.329166412353516,-0.3063383400440216,15.990398406982422,15.990408897399902,52043.33203125,52043.3828125
2023-06-12 18:11:27,49.329166412353516,-0.3063383400440216,15.985053062438965,15.985062599182129,52063.890625,52063.89453125
2023-06-12 18:17:49,49.329166412353516,-0.3063383400440216,15.987479209899902,15.987489700317383,52064.4453125,52064.453125
2023-06-12 18:24:17,49.329166412353516,-0.3063383400440216,15.980195999145508,15.98019790649414,52073.890625,52073.890625
2023-06-12 18:30:36,49.328182220458984,-0.30928462743759155,15.99136734008789,15.991371154785156,52095.5546875,52095.55859375
2023-06-12 18:36:55,49.32741928100586,-0.3122750520706177,15.986995697021484,15.987004280090332,52102.77734375,52102.7890625
2023-06-12 18:43:14,49.32743835449219,-0.3127983510494232,15.976301193237305,15.976306915283203,52108.890625,52108.90234375
2023-06-12 18:49:46,49.32768249511719,-0.31460532546043396,15.972412109375,15.97241497039795,52108.33203125,52108.3359375
2023-06-12 18:56:04,49.32769775390625,-0.31471163034439087,15.973383903503418,15.973392486572266,52115.0,52115.0078125
2023-06-12 19:02:23,49.32819747924805,-0.31685370206832886,15.969977378845215,15.96998119354248,52131.109375,52131.12890625
2023-06-12 19:08:42,49.32890701293945,-0.3194405734539032,15.978729248046875,15.97873592376709,52143.33203125,52143.34765625
2023-06-12 19:15:01,49.329471588134766,-0.3208458125591278,16.4680118560791,16.46970558166504,52683.33203125,52683.99609375
2023-06-12 19:21:17,49.33016586303711,-0.32192134857177734,16.558799743652344,16.558822631835938,52797.22265625,52797.24609375
2023-06-12 19:27:35,49.33101272583008,-0.3231375515460968,16.520973205566406,16.520980834960938,52758.890625,52758.89453125
2023-06-12 19:33:41,49.331809997558594,-0.32423731684684753,16.493309020996094,16.493316650390625,52733.890625,52733.8984375
2023-06-12 19:40:10,49.332664489746094,-0.32545822858810425,16.46758460998535,16.46760368347168,52720.5546875,52720.5625
2023-06-12 19:46:29,49.33363723754883,-0.32690390944480896,16.40791130065918,16.40802574157715,52658.890625,52658.92578125
2023-06-12 19:52:38,49.33452224731445,-0.3282102048397064,16.4404296875,16.4404296875,52710.0,52710.00390625
2023-06-12 19:58:51,49.33549499511719,-0.329570472240448,16.417619705200195,16.417621612548828,52693.33203125,52693.33984375
2023-06-12 20:05:23,49.336524963378906,-0.33105528354644775,16.389955520629883,16.38995933532715,52668.33203125,52668.3359375
2023-06-12 20:11:24,49.33761215209961,-0.3325975835323334,16.370532989501953,16.37053871154785,52657.77734375,52657.77734375
2023-06-12 20:17:26,49.338714599609375,-0.3341571092605591,16.344335556030273,16.344335556030273,52636.66796875,52636.6640625
2023-06-12 20:23:45,49.33992004394531,-0.33581435680389404,16.325407028198242,16.325416564941406,52623.890625,52623.890625
2023-06-12 20:30:04,49.341121673583984,-0.3373957872390747,16.338985443115234,16.3389892578125,52646.66796875,52646.66796875
2023-06-12 20:36:23,49.34232711791992,-0.33897989988327026,16.338043212890625,16.338058471679688,52670.0,52670.03125
2023-06-12 20:42:42,49.34358215332031,-0.34064194560050964,16.300168991088867,16.300174713134766,52625.0,52625.0078125
2023-06-12 20:48:57,49.34480285644531,-0.3422486484050751,16.27492904663086,16.274930953979492,52600.0,52600.0078125
2023-06-12 20:54:58,49.34600830078125,-0.3438096344470978,16.24483299255371,16.244836807250977,52574.4453125,52574.44140625
2023-06-12 21:00:59,49.34719467163086,-0.34533563256263733,16.20210838317871,16.2021484375,52539.4453125,52539.453125
2023-06-12 21:07:00,49.34840393066406,-0.3468204438686371,16.1763916015625,16.176401138305664,52517.22265625,52517.2265625
2023-06-12 21:13:02,49.34965515136719,-0.34832876920700073,16.1292781829834,16.129281997680664,52472.22265625,52472.22265625
2023-06-12 21:19:03,49.35093688964844,-0.3498517572879791,16.147233963012695,16.147233963012695,52502.22265625,52502.2265625
2023-06-12 21:25:22,49.35237121582031,-0.35143333673477173,16.1321964263916,16.132198333740234,52487.77734375,52487.77734375
2023-06-12 21:31:41,49.35379409790039,-0.35304024815559387,16.080232620239258,16.08025360107422,52441.66796875,52441.671875
2023-06-12 21:38:00,49.355228424072266,-0.35473906993865967,16.044301986694336,16.044322967529297,52413.890625,52413.8984375
2023-06-12 21:44:19,49.356719970703125,-0.3564540445804596,16.053037643432617,16.05305290222168,52432.22265625,52432.23828125
2023-06-12 21:50:38,49.358245849609375,-0.35819289088249207,16.01709747314453,16.01711654663086,52387.77734375,52387.7890625
2023-06-12 21:57:06,49.359867095947266,-0.3599885404109955,15.99669361114502,15.996698379516602,52370.5546875,52370.5625
2023-06-12 22:03:07,49.36153793334961,-0.361737459897995,15.96998405456543,15.969983100891113,52345.5546875,52345.55859375
2023-06-12 22:09:08,49.36329650878906,-0.36347973346710205,15.950081825256348,15.950084686279297,52328.890625,52328.88671875
2023-06-12 22:15:09,49.365055084228516,-0.3655855655670166,16.019994735717773,16.020706176757812,52411.109375,52411.3515625
2023-06-12 22:21:11,49.36667251586914,-0.3677854537963867,16.32685089111328,16.327072143554688,52742.77734375,52742.85546875
2023-06-12 22:27:31,49.36833953857422,-0.3701106309890747,16.27494239807129,16.274986267089844,52698.33203125,52698.359375
2023-06-12 22:33:32,49.36982345581055,-0.3722928762435913,16.168588638305664,16.168964385986328,52585.5546875,52585.67578125
2023-06-12 22:39:33,49.37114334106445,-0.37451279163360596,16.136075973510742,16.136106491088867,52555.5546875,52555.56640625
2023-06-12 22:45:35,49.37242126464844,-0.37662944197654724,16.091896057128906,16.091917037963867,52515.0,52515.00390625
2023-06-12 22:51:36,49.37356948852539,-0.3787631094455719,15.994757652282715,15.99476432800293,52413.33203125,52413.33984375
2023-06-12 22:57:38,49.37461853027344,-0.3808542490005493,16.015636444091797,16.015653610229492,52445.0,52445.00390625
2023-06-12 23:03:39,49.37560272216797,-0.3828437328338623,15.958324432373047,15.958348274230957,52389.4453125,52389.45703125
2023-06-12 23:09:40,49.37651062011719,-0.38464850187301636,15.957839965820312,15.957855224609375,52386.109375,52386.11328125
2023-06-12 23:15:42,49.37730407714844,-0.3862628936767578,15.909266471862793,15.909268379211426,52338.33203125,52338.33203125
2023-06-12 23:21:43,49.3779411315918,-0.38776615262031555,15.888846397399902,15.888848304748535,52325.5546875,52325.55859375
2023-06-12 23:28:01,49.378570556640625,-0.38926494121551514,15.876224517822266,15.876225471496582,52312.22265625,52312.22265625
2023-06-12 23:34:20,49.37911605834961,-0.39058321714401245,15.881086349487305,15.881098747253418,52332.77734375,52332.8046875
2023-06-12 23:40:39,49.3796272277832,-0.391772598028183,15.867000579833984,15.867010116577148,52315.5546875,52315.55859375
2023-06-12 23:46:40,49.38003921508789,-0.3928503096103668,15.891782760620117,15.891793251037598,52343.890625,52343.8984375
2023-06-12 23:52:41,49.38034439086914,-0.39363372325897217,15.91071891784668,15.910720825195312,52371.109375,52371.11328125
2023-06-12 23:58:43,49.380760192871094,-0.39471057057380676,15.900524139404297,15.900525093078613,52358.890625,52358.890625
2023-06-13 00:04:44,49.38103485107422,-0.3953748345375061,15.891765594482422,15.891767501831055,52353.33203125,52353.3359375
2023-06-13 00:10:46,49.38103485107422,-0.3953751027584076,15.89419937133789,15.89420223236084,52358.33203125,52358.33984375
2023-06-13 00:16:47,49.38103485107422,-0.3953751027584076,15.88447093963623,15.884472846984863,52352.22265625,52352.2265625
2023-06-13 00:22:49,49.38103485107422,-0.3953751027584076,15.873798370361328,15.873801231384277,52345.0,52345.00390625
2023-06-13 00:29:07,49.38103485107422,-0.3953751027584076,15.867008209228516,15.867006301879883,52341.66796875,52341.66796875
2023-06-13 00:35:26,49.38103485107422,-0.3953751027584076,15.869439125061035,15.869439125061035,52340.0,52340.0
2023-06-13 00:41:45,49.38103485107422,-0.3953751027584076,15.866024017333984,15.866032600402832,52356.66796875,52356.6796875
2023-06-13 00:48:03,49.38103485107422,-0.3953751027584076,15.887396812438965,15.88740062713623,52377.22265625,52377.23046875
2023-06-13 00:54:05,49.381248474121094,-0.39544716477394104,15.884957313537598,15.88495922088623,52373.890625,52373.890625
2023-06-13 01:00:06,49.38121032714844,-0.3949083685874939,15.888360023498535,15.888361930847168,52383.890625,52383.890625
2023-06-13 01:06:07,49.38090896606445,-0.39328792691230774,15.895658493041992,15.895661354064941,52396.66796875,52396.6640625
2023-06-13 01:12:09,49.380550384521484,-0.391400009393692,15.89711856842041,15.897120475769043,52406.66796875,52406.6640625
2023-06-13 01:18:10,49.38019943237305,-0.38953447341918945,15.892252922058105,15.892254829406738,52402.77734375,52402.78125
2023-06-13 01:24:11,49.37982940673828,-0.3874143362045288,15.885443687438965,15.885445594787598,52396.66796875,52396.6640625
2023-06-13 01:30:30,49.37935256958008,-0.3848211169242859,15.888843536376953,15.888848304748535,52397.22265625,52397.2265625
2023-06-13 01:36:49,49.37879943847656,-0.3819315433502197,15.87331771850586,15.873320579528809,52230.0,52230.15234375
2023-06-13 01:43:08,49.378116607666016,-0.3786267638206482,15.86310863494873,15.863112449645996,51823.33203125,51823.86328125
2023-06-13 01:49:27,49.37727737426758,-0.3749138116836548,15.825685501098633,15.825745582580566,51155.0,51161.87890625
2023-06-13 01:55:33,49.37635803222656,-0.3710280656814575,15.81257438659668,15.812639236450195,51126.109375,51130.078125
2023-06-13 02:01:34,49.37529373168945,-0.3669467866420746,15.862616539001465,15.862655639648438,51837.77734375,51840.01953125
2023-06-13 02:07:35,49.37400436401367,-0.36265748739242554,15.880105018615723,15.880106925964355,52184.4453125,52184.54296875
2023-06-13 02:13:36,49.37247085571289,-0.35822832584381104,15.875749588012695,15.875748634338379,52200.5546875,52200.61328125
2023-06-13 02:19:38,49.37074279785156,-0.35377931594848633,15.875749588012695,15.875748634338379,52274.4453125,52274.44921875
2023-06-13 02:25:39,49.36886215209961,-0.34933581948280334,15.872349739074707,15.872352600097656,52292.22265625,52292.2265625
2023-06-13 02:31:58,49.36687088012695,-0.344944566488266,15.85921859741211,15.859222412109375,52372.77734375,52372.78125
2023-06-13 02:38:17,49.36507797241211,-0.3412814736366272,15.854843139648438,15.854843139648438,52377.77734375,52377.78515625
2023-06-13 02:44:42,49.36333465576172,-0.3378232717514038,15.849003791809082,15.849002838134766,52384.4453125,52384.44921875
2023-06-13 02:50:44,49.361717224121094,-0.33461180329322815,15.842220306396484,15.8422212600708,52375.0,52375.0
2023-06-13 02:56:45,49.360172271728516,-0.331722229719162,15.836894989013672,15.836894035339355,52377.22265625,52377.22265625
2023-06-13 03:02:46,49.35872268676758,-0.3289657533168793,15.830571174621582,15.830570220947266,52377.77734375,52377.77734375
2023-06-13 03:08:48,49.357242584228516,-0.32620060443878174,15.828624725341797,15.82862377166748,52374.4453125,52374.4453125
2023-06-13 03:14:49,49.355716705322266,-0.3235948979854584,15.824727058410645,15.824729919433594,52376.66796875,52376.66796875
2023-06-13 03:20:50,49.35429763793945,-0.32125914096832275,15.818400382995605,15.818403244018555,52371.109375,52371.11328125
2023-06-13 03:26:52,49.35295867919922,-0.31901469826698303,15.813532829284668,15.813536643981934,52373.890625,52373.89453125
2023-06-13 03:33:10,49.35163497924805,-0.3167186379432678,15.810126304626465,15.810129165649414,52374.4453125,52374.4453125
2023-06-13 03:39:29,49.35035705566406,-0.31457075476646423,15.809639930725098,15.809645652770996,52384.4453125,52384.453125
2023-06-13 03:45:51,49.34920883178711,-0.31251147389411926,15.807215690612793,15.807220458984375,52380.5546875,52380.55859375
2023-06-13 03:51:53,49.34811019897461,-0.3105877637863159,15.792667388916016,15.7926664352417,52357.77734375,52357.78125
2023-06-13 03:57:54,49.347076416015625,-0.3088138699531555,15.78390884399414,15.783906936645508,52327.77734375,52327.78515625
2023-06-13 04:03:55,49.34614562988281,-0.30719122290611267,15.784881591796875,15.784879684448242,52356.109375,52356.1171875
2023-06-13 04:09:57,49.34524917602539,-0.3055990934371948,15.779529571533203,15.77952766418457,52353.33203125,52353.33984375
2023-06-13 04:15:58,49.34436798095703,-0.30417096614837646,15.774171829223633,15.77417278289795,52351.66796875,52351.671875
2023-06-13 04:21:59,49.343505859375,-0.302742600440979,15.76785945892334,15.767862319946289,52350.0,52350.00390625
2023-06-13 04:28:01,49.34268569946289,-0.30138880014419556,15.76639175415039,15.766395568847656,52349.4453125,52349.44921875
2023-06-13 04:34:19,49.34184265136719,-0.30000147223472595,15.770763397216797,15.770766258239746,52359.4453125,52359.4453125
2023-06-13 04:40:37,49.34103775024414,-0.2987598478794098,15.76931095123291,15.769312858581543,52365.5546875,52365.5625
2023-06-13 04:46:56,49.34022521972656,-0.2976275682449341,15.767369270324707,15.767372131347656,52357.22265625,52357.2265625
2023-06-13 04:53:15,49.33949279785156,-0.2966115474700928,15.768345832824707,15.768355369567871,52363.33203125,52363.34765625
2023-06-13 04:59:34,49.338829040527344,-0.2956550419330597,15.779523849487305,15.779540061950684,52376.66796875,52376.6875
2023-06-13 05:06:00,49.33815383911133,-0.2946471869945526,15.770282745361328,15.77029037475586,52370.0,52370.00390625
2023-06-13 05:12:01,49.33770751953125,-0.29401710629463196,15.76639175415039,15.76639461517334,52370.0,52370.00390625
2023-06-13 05:18:02,49.33711242675781,-0.2931816875934601,15.76784610748291,15.76784896850586,52373.33203125,52373.33203125
2023-06-13 05:24:04,49.33708953857422,-0.2931550443172455,15.764458656311035,15.764461517333984,52380.5546875,52380.55859375
2023-06-13 05:30:05,49.33708953857422,-0.2931550443172455,15.762042999267578,15.762043952941895,52388.33203125,52388.3359375
2023-06-13 05:36:24,49.33676528930664,-0.2927405834197998,15.775623321533203,15.775634765625,52411.109375,52411.125
2023-06-13 05:42:43,49.33500671386719,-0.2905213236808777,15.776594161987305,15.776604652404785,52415.5546875,52415.56640625
2023-06-13 05:48:57,49.33460998535156,-0.2901225686073303,15.778064727783203,15.778068542480469,52422.22265625,52422.23828125
2023-06-13 05:54:59,49.33439636230469,-0.2899132966995239,15.775634765625,15.775632858276367,52400.5546875,52400.5546875
2023-06-13 06:01:00,49.33384704589844,-0.28935667872428894,15.775146484375,15.775146484375,52385.0,52385.015625
2023-06-13 06:07:01,49.33384704589844,-0.28935667872428894,15.778067588806152,15.778067588806152,52386.66796875,52386.6796875
2023-06-13 06:13:03,49.33372497558594,-0.2892882525920868,15.780500411987305,15.780500411987305,52422.77734375,52422.7734375
2023-06-13 06:19:04,49.332767486572266,-0.2887367010116577,15.78390884399414,15.783905982971191,52426.109375,52426.109375
2023-06-13 06:25:05,49.332767486572266,-0.2887367010116577,15.786341667175293,15.786340713500977,52432.22265625,52432.21875
2023-06-13 06:31:07,49.332767486572266,-0.2887367010116577,15.793635368347168,15.793633460998535,52445.5546875,52445.55859375
2023-06-13 06:37:25,49.33216094970703,-0.2887021005153656,15.805747032165527,15.805747985839844,52457.22265625,52457.2265625
2023-06-13 06:43:44,49.33176803588867,-0.2886800169944763,15.80526351928711,15.805264472961426,52460.0,52460.0
2023-06-13 06:50:03,49.33176803588867,-0.2886800169944763,15.813530921936035,15.813536643981934,52472.77734375,52472.78125
2023-06-13 06:56:22,49.33159637451172,-0.28891658782958984,15.825692176818848,15.825699806213379,52486.66796875,52486.68359375
2023-06-13 07:02:41,49.33113479614258,-0.2896803021430969,15.847084999084473,15.847095489501953,52515.0,52515.0234375
2023-06-13 07:08:59,49.331111907958984,-0.2897549271583557,15.832508087158203,15.832512855529785,52482.77734375,52482.7890625
2023-06-13 07:15:00,49.331111907958984,-0.2897549271583557,15.84512710571289,15.84512710571289,52497.22265625,52497.2265625
2023-06-13 07:21:01,49.331111907958984,-0.2897549271583557,15.854846954345703,15.854848861694336,52521.109375,52521.109375
2023-06-13 07:27:02,49.331111907958984,-0.2897549271583557,15.87865161895752,15.878652572631836,52552.77734375,52552.77734375
2023-06-13 07:33:04,49.331111907958984,-0.2897549271583557,15.885445594787598,15.88545036315918,52563.33203125,52563.3359375
2023-06-13 07:39:23,49.331111907958984,-0.2897549271583557,15.898091316223145,15.898094177246094,52579.4453125,52579.4453125
2023-06-13 07:45:42,49.331111907958984,-0.2897549271583557,15.91459846496582,15.914604187011719,52602.22265625,52602.2265625
2023-06-13 07:52:01,49.331111907958984,-0.2897549271583557,15.954925537109375,15.954944610595703,52665.0,52665.0234375
2023-06-13 07:58:14,49.33200454711914,-0.29530084133148193,15.94570541381836,15.945708274841309,52647.77734375,52647.77734375
2023-06-13 08:04:15,49.33225631713867,-0.2961810529232025,15.96415901184082,15.964160919189453,52676.109375,52676.11328125
2023-06-13 08:10:16,49.33259582519531,-0.2970733344554901,15.991353034973145,15.991355895996094,52712.22265625,52712.22265625
2023-06-13 08:16:18,49.33332443237305,-0.2986988127231598,15.989420890808105,15.989420890808105,52713.890625,52713.88671875
2023-06-13 08:22:19,49.333831787109375,-0.299749493598938,15.98990535736084,15.989912986755371,52715.5546875,52715.5625
2023-06-13 08:28:20,49.33454895019531,-0.30114415287971497,16.013206481933594,16.013212203979492,52744.4453125,52744.44921875
2023-06-13 08:34:22,49.33527755737305,-0.3024497330188751,16.038951873779297,16.038957595825195,52781.66796875,52781.67578125
2023-06-13 08:40:40,49.33613204956055,-0.3038833439350128,16.061796188354492,16.061796188354492,52811.66796875,52811.66796875
2023-06-13 08:46:59,49.33700180053711,-0.30530375242233276,16.064697265625,16.064701080322266,52803.890625,52803.89453125
2023-06-13 08:53:18,49.337894439697266,-0.3067833483219147,16.08751678466797,16.0875301361084,52842.77734375,52842.7890625
2023-06-13 08:59:35,49.338802337646484,-0.30830448865890503,16.092864990234375,16.092872619628906,52848.33203125,52848.34765625
2023-06-13 09:05:37,49.33962631225586,-0.3097184896469116,16.11665916442871,16.116662979125977,52879.4453125,52879.44921875
2023-06-13 09:11:38,49.34044647216797,-0.31113651394844055,16.145780563354492,16.145788192749023,52921.109375,52921.12109375
2023-06-13 09:17:39,49.34129333496094,-0.31256207823753357,16.16958236694336,16.16958999633789,52956.66796875,52956.67578125
2023-06-13 09:23:41,49.34217834472656,-0.31405434012413025,16.148704528808594,16.14871597290039,52931.66796875,52931.67578125
2023-06-13 09:29:42,49.34309387207031,-0.31555813550949097,16.19483184814453,16.19483184814453,52992.77734375,52992.78125
2023-06-13 09:35:43,49.34403610229492,-0.3170216977596283,16.21861457824707,16.218624114990234,53027.77734375,53027.78515625
2023-06-13 09:42:02,49.34510040283203,-0.3186335861682892,16.23560333251953,16.235614776611328,53042.77734375,53042.7890625
2023-06-13 09:48:21,49.34610366821289,-0.32016780972480774,16.293861389160156,16.293869018554688,53122.77734375,53122.77734375
2023-06-13 09:54:44,49.34705352783203,-0.32164502143859863,16.319101333618164,16.319110870361328,53156.66796875,53156.67578125
2023-06-13 10:00:45,49.34796142578125,-0.3230619728565216,16.346759796142578,16.34676742553711,53191.66796875,53191.671875
2023-06-13 10:06:46,49.34883117675781,-0.3244527280330658,16.378299713134766,16.3783016204834,53231.66796875,53231.66796875
2023-06-13 10:12:48,49.34968566894531,-0.3258526921272278,16.376853942871094,16.376869201660156,53233.33203125,53233.33984375
2023-06-13 10:18:49,49.35053253173828,-0.3272068202495575,16.38218116760254,16.382204055786133,53243.33203125,53243.34765625
2023-06-13 10:24:50,49.35139083862305,-0.3285492956638336,16.402084350585938,16.402099609375,53270.5546875,53270.56640625
2023-06-13 10:30:52,49.352237701416016,-0.329909086227417,16.420047760009766,16.420066833496094,53288.33203125,53288.34375
2023-06-13 10:36:53,49.35310363769531,-0.33125054836273193,16.455949783325195,16.455963134765625,53347.77734375,53347.78515625
2023-06-13 10:43:11,49.354034423828125,-0.33265331387519836,16.52338981628418,16.523395538330078,53434.4453125,53434.44921875
2023-06-13 10:49:30,49.3548698425293,-0.3339580297470093,16.5544376373291,16.554445266723633,53472.77734375,53472.7890625
2023-06-13 10:55:49,49.35575485229492,-0.33522751927375793,16.547636032104492,16.547645568847656,53446.66796875,53446.67578125
2023-06-13 11:02:08,49.35663604736328,-0.3364714980125427,16.576263427734375,16.576276779174805,53473.890625,53473.89453125
2023-06-13 11:08:27,49.35751724243164,-0.33770740032196045,16.580625534057617,16.58068084716797,53486.66796875,53486.71484375
2023-06-13 11:14:46,49.358333587646484,-0.3388659954071045,16.649991989135742,16.6500301361084,53578.890625,53578.921875
2023-06-13 11:21:05,49.35914993286133,-0.3400658369064331,16.644655227661133,16.644681930541992,53569.4453125,53569.4765625
2023-06-13 11:27:35,49.359893798828125,-0.34115490317344666,16.632047653198242,16.632057189941406,53537.22265625,53537.2578125
2023-06-13 11:33:37,49.36056900024414,-0.3421793580055237,16.657739639282227,16.65774917602539,53582.22265625,53582.234375
2023-06-13 11:39:38,49.361141204833984,-0.3430645763874054,16.685867309570312,16.68587303161621,53625.5546875,53625.55859375
2023-06-13 11:45:57,49.3618278503418,-0.3440312445163727,16.69411849975586,16.69412612915039,53645.5546875,53645.56640625
2023-06-13 11:52:16,49.36243438720703,-0.34484633803367615,16.725162506103516,16.725175857543945,53678.33203125,53678.33984375
2023-06-13 11:58:35,49.36304473876953,-0.3455793261528015,16.73291015625,16.732921600341797,53671.66796875,53671.68359375
2023-06-13 12:04:50,49.36357116699219,-0.34619784355163574,16.755226135253906,16.75524139404297,53690.0,53690.0390625
2023-06-13 12:10:52,49.36369323730469,-0.3463400602340698,16.844890594482422,16.845474243164062,53805.5546875,53805.8203125
2023-06-13 12:16:53,49.36369323730469,-0.3463400602340698,17.135671615600586,17.13571548461914,54135.0,54135.01953125
2023-06-13 12:22:55,49.36369323730469,-0.3463400602340698,17.10128402709961,17.101303100585938,54096.66796875,54096.671875
2023-06-13 12:28:56,49.36533737182617,-0.347185343503952,17.144390106201172,17.1444091796875,54132.77734375,54132.78515625
2023-06-13 12:34:57,49.365684509277344,-0.3471713066101074,17.163288116455078,17.163293838500977,54152.77734375,54152.78515625
2023-06-13 12:40:59,49.36602020263672,-0.34701046347618103,17.1269588470459,17.12696647644043,54113.890625,54113.89453125
2023-06-13 12:47:17,49.36609649658203,-0.3468863070011139,17.11920928955078,17.119224548339844,54107.22265625,54107.234375
2023-06-13 12:53:47,49.36637496948242,-0.3462866246700287,17.095956802368164,17.095966339111328,54102.77734375,54102.78515625
2023-06-13 12:59:49,49.36631774902344,-0.3457585573196411,17.091596603393555,17.09160804748535,54101.109375,54101.1171875
2023-06-13 13:05:50,49.36613464355469,-0.34499379992485046,17.1269588470459,17.12696647644043,54152.77734375,54152.78515625
2023-06-13 13:11:51,49.365840911865234,-0.34416094422340393,17.15264320373535,17.152645111083984,54188.890625,54188.890625
2023-06-13 13:17:53,49.36541748046875,-0.3431228697299957,17.183635711669922,17.18364715576172,54236.109375,54236.1171875
2023-06-13 13:23:54,49.36483383178711,-0.3419129550457001,17.204463958740234,17.2044734954834,54271.66796875,54271.67578125
2023-06-13 13:29:55,49.364158630371094,-0.34060120582580566,17.240310668945312,17.240318298339844,54318.890625,54318.89453125
2023-06-13 13:35:57,49.363380432128906,-0.33916789293289185,17.216096878051758,17.216106414794922,54289.4453125,54289.44921875
2023-06-13 13:41:58,49.36249542236328,-0.33758535981178284,17.236438751220703,17.236438751220703,54308.890625,54308.88671875
2023-06-13 13:48:17,49.361446380615234,-0.3357323408126831,17.17055892944336,17.170570373535156,54198.33203125,54198.33984375
2023-06-13 13:54:36,49.36030578613281,-0.33379071950912476,17.234010696411133,17.23401641845703,54293.33203125,54293.33984375
2023-06-13 14:00:55,49.35906219482422,-0.33170878887176514,17.281959533691406,17.28197479248047,54355.0,54355.01953125
2023-06-13 14:07:14,49.357749938964844,-0.32952040433883667,17.253393173217773,17.253419876098633,54318.890625,54318.9140625
2023-06-13 14:13:33,49.35633850097656,-0.32721686363220215,17.2340145111084,17.234031677246094,54292.22265625,54292.25390625
2023-06-13 14:20:00,49.35490417480469,-0.32490307092666626,17.258712768554688,17.25872230529785,54326.109375,54326.1328125
2023-06-13 14:26:01,49.35343933105469,-0.32256221771240234,17.23255157470703,17.232566833496094,54280.0,54280.01171875
2023-06-13 14:32:02,49.35189437866211,-0.3201054036617279,17.230138778686523,17.230152130126953,54285.5546875,54285.55859375
2023-06-13 14:38:04,49.35030746459961,-0.3175274431705475,17.20253562927246,17.202547073364258,54231.66796875,54231.671875
2023-06-13 14:44:05,49.34870529174805,-0.31487390398979187,17.142467498779297,17.14247703552246,54147.22265625,54147.23046875
2023-06-13 14:50:24,49.34693145751953,-0.3119404911994934,17.11388397216797,17.113901138305664,54103.33203125,54103.34375
2023-06-13 14:56:41,49.34514617919922,-0.30908286571502686,17.130352020263672,17.13036346435547,54138.33203125,54138.34375
2023-06-13 15:02:43,49.34336471557617,-0.30633407831192017,17.165706634521484,17.165719985961914,54192.77734375,54192.7890625
2023-06-13 15:08:44,49.341644287109375,-0.3035990297794342,17.064939498901367,17.06503677368164,54067.77734375,54067.8359375
2023-06-13 15:14:46,49.339874267578125,-0.3008328080177307,17.147308349609375,17.147323608398438,54172.22265625,54172.234375
2023-06-13 15:20:47,49.3381462097168,-0.2980453670024872,17.07172966003418,17.071779251098633,54076.109375,54076.13671875
2023-06-13 15:26:49,49.33644104003906,-0.2953614890575409,17.053802490234375,17.05387306213379,54055.5546875,54055.59375
2023-06-13 15:32:50,49.33476257324219,-0.2927519381046295,17.015518188476562,17.015560150146484,54004.4453125,54004.46484375
2023-06-13 15:38:52,49.33308029174805,-0.2902146577835083,16.996618270874023,16.99666976928711,53977.77734375,53977.8125
2023-06-13 15:44:53,49.33152389526367,-0.28782767057418823,16.924888610839844,16.924922943115234,53888.33203125,53888.3515625
2023-06-13 15:51:12,49.3299560546875,-0.28537657856941223,16.857030868530273,16.857046127319336,53806.109375,53806.125
2023-06-13 15:57:23,49.32854461669922,-0.28314483165740967,16.818241119384766,16.81824493408203,53763.33203125,53763.34375
2023-06-13 16:03:41,49.32710647583008,-0.2808901071548462,16.80514907836914,16.805198669433594,53745.5546875,53745.578125
2023-06-13 16:09:59,49.3257942199707,-0.27881649136543274,16.714969635009766,16.714994430541992,53625.0,53625.01953125
2023-06-13 16:16:17,49.32457733154297,-0.2767874002456665,16.701879501342773,16.70189094543457,53612.77734375,53612.796875
2023-06-13 16:22:40,49.323402404785156,-0.2748648226261139,16.683937072753906,16.683956146240234,53585.0,53585.015625
2023-06-13 16:28:54,49.32228469848633,-0.27295929193496704,16.651939392089844,16.651947021484375,53551.66796875,53551.67578125
2023-06-13 16:35:12,49.32127380371094,-0.2711285948753357,16.651927947998047,16.651931762695312,53553.33203125,53553.3359375
2023-06-13 16:41:31,49.320274353027344,-0.26937752962112427,16.664060592651367,16.6640682220459,53579.4453125,53579.4609375
2023-06-13 16:47:50,49.31932067871094,-0.2676929533481598,16.640777587890625,16.640819549560547,53543.33203125,53543.3671875
2023-06-13 16:54:10,49.318511962890625,-0.2661176919937134,16.61554718017578,16.615568161010742,53523.890625,53523.91796875
2023-06-13 17:00:41,49.31770324707031,-0.26460325717926025,16.630598068237305,16.630611419677734,53532.77734375,53532.79296875
2023-06-13 17:06:59,49.31692123413086,-0.26313936710357666,16.617982864379883,16.617982864379883,53515.0,53515.0078125
2023-06-13 17:13:23,49.31620407104492,-0.2618273198604584,16.62429428100586,16.62429428100586,53531.109375,53531.12109375
2023-06-13 17:19:41,49.31548309326172,-0.26050055027008057,16.62769317626953,16.62769317626953,53531.66796875,53531.66796875
2023-06-13 17:26:00,49.31482696533203,-0.25926685333251953,16.6470890045166,16.647104263305664,53552.22265625,53552.23828125
2023-06-13 17:32:09,49.3142204284668,-0.25815141201019287,16.637388229370117,16.63739013671875,53548.890625,53548.89453125
2023-06-13 17:38:36,49.31354522705078,-0.25692108273506165,16.658727645874023,16.658727645874023,53581.66796875,53581.67578125
2023-06-13 17:45:11,49.3128662109375,-0.25577202439308167,16.67229461669922,16.67229652404785,53593.890625,53593.890625
2023-06-13 17:51:29,49.31223678588867,-0.2547176480293274,16.678123474121094,16.678142547607422,53606.66796875,53606.6796875
2023-06-13 17:57:38,49.31171417236328,-0.2538233697414398,16.681509017944336,16.681522369384766,53603.890625,53603.91015625
2023-06-13 18:03:56,49.31114196777344,-0.2528301775455475,16.68295669555664,16.682958602905273,53613.890625,53613.890625
2023-06-13 18:10:15,49.310821533203125,-0.2522549331188202,16.693639755249023,16.693641662597656,53625.0,53625.0078125
2023-06-13 18:16:34,49.31079864501953,-0.2522016167640686,16.702369689941406,16.702375411987305,53638.890625,53638.890625
2023-06-13 18:22:53,49.31004333496094,-0.2507176995277405,16.71302032470703,16.713022232055664,53662.77734375,53662.78125
2023-06-13 18:29:12,49.30986022949219,-0.2503633201122284,16.738248825073242,16.738265991210938,53701.66796875,53701.69140625
2023-06-13 18:35:38,49.30986022949219,-0.2503633201122284,16.74359893798828,16.74360466003418,53706.66796875,53706.68359375
2023-06-13 18:41:40,49.30936813354492,-0.24947166442871094,16.746501922607422,16.746505737304688,53702.77734375,53702.77734375
2023-06-13 18:47:41,49.309268951416016,-0.24929332733154297,16.753273010253906,16.753273010253906,53711.66796875,53711.66796875
2023-06-13 18:53:43,49.30900192260742,-0.2490111142396927,16.76297378540039,16.762971878051758,53729.4453125,53729.4453125
2023-06-13 19:00:02,49.30869674682617,-0.24872960150241852,16.787220001220703,16.787220001220703,53763.33203125,53763.3359375
2023-06-13 19:06:21,49.308563232421875,-0.24869172275066376,16.808073043823242,16.808074951171875,53787.22265625,53787.2265625
2023-06-13 19:12:40,49.30839538574219,-0.2487916350364685,16.814863204956055,16.81486701965332,53795.5546875,53795.55859375
2023-06-13 19:18:59,49.30827331542969,-0.24900756776332855,16.813892364501953,16.81389617919922,53794.4453125,53794.4453125
2023-06-13 19:25:16,49.30821228027344,-0.2492033839225769,16.810014724731445,16.81001853942871,53800.5546875,53800.5546875
2023-06-13 19:31:17,49.30813217163086,-0.24949322640895844,16.815351486206055,16.815351486206055,53799.4453125,53799.4453125
2023-06-13 19:37:19,49.30810546875,-0.24988020956516266,16.816312789916992,16.816314697265625,53803.890625,53803.890625
2023-06-13 19:43:20,49.30809783935547,-0.25042906403541565,16.820669174194336,16.820669174194336,53812.22265625,53812.22265625
2023-06-13 19:49:22,49.308109283447266,-0.2509344518184662,16.82211685180664,16.822114944458008,53815.5546875,53815.55859375
2023-06-13 19:55:23,49.30815505981445,-0.25148022174835205,16.822599411010742,16.82259750366211,53816.109375,53816.11328125
2023-06-13 20:01:41,49.30820083618164,-0.25209224224090576,16.827924728393555,16.827924728393555,53829.4453125,53829.44921875
2023-06-13 20:07:59,49.30828094482422,-0.25278934836387634,16.835205078125,16.83521270751953,53851.109375,53851.1328125
2023-06-13 20:14:18,49.30836486816406,-0.2534915506839752,16.838109970092773,16.838117599487305,53853.890625,53853.91015625
2023-06-13 20:20:38,49.3084831237793,-0.2544804513454437,16.84442901611328,16.844440460205078,53865.5546875,53865.58203125
2023-06-13 20:26:56,49.308631896972656,-0.2554468512535095,16.863332748413086,16.86334800720215,53872.22265625,53872.24609375
2023-06-13 20:33:16,49.308799743652344,-0.2564302682876587,16.873994827270508,16.874006271362305,53897.22265625,53897.23828125
2023-06-13 20:39:34,49.30902862548828,-0.2575787901878357,16.879322052001953,16.87932777404785,53912.77734375,53912.80078125
2023-06-13 20:45:53,49.30927276611328,-0.2587945759296417,16.894357681274414,16.894378662109375,53931.66796875,53931.6796875
2023-06-13 20:52:11,49.30954360961914,-0.2600148916244507,16.888057708740234,16.8880672454834,53936.66796875,53936.69140625
2023-06-13 20:58:13,49.30985641479492,-0.26121997833251953,16.869625091552734,16.869625091552734,53890.0,53890.00390625
2023-06-13 21:04:32,49.31019592285156,-0.26257508993148804,16.891433715820312,16.891456604003906,53932.77734375,53932.8046875
2023-06-13 21:10:49,49.310550689697266,-0.26392650604248047,16.883682250976562,16.883695602416992,53913.33203125,53913.3515625
2023-06-13 21:17:08,49.31092834472656,-0.2652890682220459,16.89337921142578,16.893396377563477,53945.5546875,53945.59375
2023-06-13 21:23:27,49.31132125854492,-0.2666889727115631,16.89435577392578,16.894372940063477,53930.5546875,53930.578125
2023-06-13 21:29:53,49.3117561340332,-0.2681264877319336,16.888532638549805,16.888551712036133,53905.0,53905.078125
2023-06-13 21:35:54,49.31220245361328,-0.26950863003730774,16.869142532348633,16.869142532348633,53893.890625,53893.8984375
2023-06-13 21:41:56,49.31266784667969,-0.2708820402622223,16.86768913269043,16.867691040039062,53888.890625,53888.890625
2023-06-13 21:47:57,49.313148498535156,-0.27226877212524414,16.855104446411133,16.855106353759766,53885.0,53885.0078125
2023-06-13 21:53:59,49.31365203857422,-0.27365434169769287,16.846370697021484,16.84637451171875,53860.0,53860.0
2023-06-13 22:00:00,49.31416320800781,-0.2750133275985718,16.845401763916016,16.84540367126465,53862.22265625,53862.22265625
2023-06-13 22:06:19,49.314701080322266,-0.27647295594215393,16.835203170776367,16.835206985473633,53845.5546875,53845.5546875
2023-06-13 22:12:37,49.31523513793945,-0.2778043746948242,16.98206329345703,16.982328414916992,53946.66796875,53946.765625
2023-06-13 22:18:50,49.31584548950195,-0.2790003716945648,17.08771514892578,17.08772850036621,54005.5546875,54005.56640625
2023-06-13 22:24:51,49.316429138183594,-0.28012973070144653,17.10175895690918,17.10175895690918,54005.5546875,54005.5625
2023-06-13 22:30:53,49.316993713378906,-0.2812419533729553,17.092559814453125,17.092559814453125,53998.890625,53998.89453125
2023-06-13 22:36:54,49.31756591796875,-0.2823711931705475,17.08336639404297,17.083370208740234,53990.5546875,53990.55859375
2023-06-13 22:42:56,49.318111419677734,-0.28342732787132263,17.072216033935547,17.072219848632812,53990.5546875,53990.5546875
2023-06-13 22:48:57,49.318660736083984,-0.2844635248184204,17.05379295349121,17.053794860839844,53967.22265625,53967.2265625
2023-06-13 22:54:59,49.31920623779297,-0.285452276468277,17.0334529876709,17.0334529876709,53958.33203125,53958.33203125
2023-06-13 23:01:00,49.31974792480469,-0.28642573952674866,17.02569007873535,17.025691986083984,53945.0,53945.00390625
2023-06-13 23:07:19,49.320308685302734,-0.2874261140823364,17.015029907226562,17.015031814575195,53946.66796875,53946.671875
2023-06-13 23:13:38,49.32084655761719,-0.2883492708206177,16.99517059326172,16.99517059326172,53937.22265625,53937.22265625
2023-06-13 23:19:57,49.3214111328125,-0.2893022298812866,17.004852294921875,17.004880905151367,53960.0,53960.03515625
2023-06-13 23:26:16,49.32192611694336,-0.2902165651321411,16.991294860839844,16.991317749023438,53948.890625,53948.9140625
2023-06-13 23:32:34,49.32242202758789,-0.2911137342453003,16.96803092956543,16.96803855895996,53921.66796875,53921.69921875
2023-06-13 23:38:53,49.32291793823242,-0.29191628098487854,16.978696823120117,16.97871208190918,53923.33203125,53923.36328125
2023-06-13 23:45:12,49.3233757019043,-0.29275232553482056,16.96026611328125,16.960277557373047,53913.890625,53913.91796875
2023-06-13 23:51:31,49.32379913330078,-0.2935241460800171,16.941856384277344,16.941871643066406,53895.5546875,53895.5703125
2023-06-13 23:57:50,49.324180603027344,-0.2942104935646057,16.957355499267578,16.957365036010742,53906.109375,53906.1328125
2023-06-14 00:04:19,49.32455062866211,-0.2948998808860779,16.96462631225586,16.964649200439453,53922.77734375,53922.8203125
2023-06-14 00:10:37,49.32489013671875,-0.29555946588516235,16.94718360900879,16.94718360900879,53896.66796875,53896.671875
2023-06-14 00:16:52,49.32514572143555,-0.29612791538238525,16.938451766967773,16.93845558166504,53893.33203125,53893.3359375
2023-06-14 00:22:53,49.32539749145508,-0.29661861062049866,16.949602127075195,16.949602127075195,53900.0,53900.00390625
2023-06-14 00:28:55,49.32561111450195,-0.29702287912368774,16.95833969116211,16.95833969116211,53904.4453125,53904.4453125
2023-06-14 00:34:56,49.325767517089844,-0.29731640219688416,16.983530044555664,16.983531951904297,53916.66796875,53916.66796875
2023-06-14 00:40:58,49.32590866088867,-0.2975637912750244,17.000015258789062,17.000019073486328,53925.5546875,53925.55859375
2023-06-14 00:46:59,49.32600784301758,-0.2977650761604309,17.01164436340332,17.011646270751953,53945.0,53945.0
2023-06-14 00:53:01,49.32603454589844,-0.2978977560997009,17.013092041015625,17.01309585571289,53953.890625,53953.890625
2023-06-14 00:59:02,49.32600784301758,-0.2979980409145355,17.005836486816406,17.005836486816406,53953.33203125,53953.3359375
2023-06-14 01:05:04,49.325958251953125,-0.29806751012802124,16.98451042175293,16.984514236450195,53942.22265625,53942.22265625
2023-06-14 01:11:23,49.32584762573242,-0.2980782985687256,16.967557907104492,16.967559814453125,53930.0,53930.02734375
2023-06-14 01:17:42,49.32569885253906,-0.297995001077652,16.96270751953125,16.962709426879883,53940.5546875,53940.55859375
2023-06-14 01:24:01,49.325462341308594,-0.2978249490261078,16.969499588012695,16.969501495361328,53942.77734375,53942.78125
2023-06-14 01:30:20,49.32517623901367,-0.2975790798664093,16.974340438842773,16.974342346191406,53925.5546875,53925.58984375
2023-06-14 01:36:39,49.3248176574707,-0.2972681522369385,16.983030319213867,16.983034133911133,53960.5546875,53960.55859375
2023-06-14 01:42:58,49.32442092895508,-0.2968815863132477,16.983043670654297,16.98304557800293,53957.22265625,53957.23046875
2023-06-14 01:49:17,49.32394790649414,-0.2964264154434204,16.975797653198242,16.97579574584961,53955.5546875,53955.55859375
2023-06-14 01:55:36,49.32339859008789,-0.29585179686546326,16.9879093170166,16.987926483154297,53976.109375,53976.14453125
2023-06-14 02:01:55,49.32276916503906,-0.29515302181243896,16.968034744262695,16.96804428100586,53958.890625,53958.91796875
2023-06-14 02:08:14,49.322059631347656,-0.2943766713142395,16.950082778930664,16.950096130371094,53928.890625,53928.90625
2023-06-14 02:14:33,49.321285247802734,-0.29350149631500244,16.929750442504883,16.929752349853516,53928.33203125,53928.3515625
2023-06-14 02:20:43,49.32045364379883,-0.29252874851226807,16.913249969482422,16.913253784179688,53887.22265625,53887.2265625
2023-06-14 02:26:44,49.3195915222168,-0.29150116443634033,16.90306854248047,16.90306854248047,53879.4453125,53879.44921875
2023-06-14 02:32:46,49.31867599487305,-0.2904200851917267,16.902589797973633,16.902589797973633,53873.890625,53873.88671875
2023-06-14 02:38:47,49.31769561767578,-0.289235919713974,16.894855499267578,16.894851684570312,53873.33203125,53873.33203125
2023-06-14 02:44:49,49.316673278808594,-0.2879568636417389,16.88564109802246,16.88564109802246,53865.5546875,53865.5546875
2023-06-14 02:50:50,49.31562423706055,-0.28660428524017334,16.88564109802246,16.88564109802246,53871.109375,53871.109375
2023-06-14 02:56:52,49.31449508666992,-0.2851693630218506,16.88029670715332,16.880300521850586,53857.77734375,53857.76953125
2023-06-14 03:02:53,49.31334686279297,-0.2836834192276001,16.876413345336914,16.876415252685547,53851.109375,53851.11328125
